category	set	name	number
One Piece	A Fist of Divine Speed	Luffy-Tarou (SP)	ST18-005
One Piece	One Piece Promotion Cards	Monkey.D.Luffy (4th Anniversary) (Winner)	P-110
Pokemon	MEGA Dream ex	Pikachu ex	234/193
One Piece	The World's Strongest Warriors	Shanks (OP13-028) (SP)	OP13-028
Pokemon	Crown Zenith: Galarian Gallery	Mewtwo VSTAR	GG44/GG70
One Piece	The World's Strongest Warriors	Gol.D.Roger (P-107) (SP)	P-107
Riftbound	Vendetta	Nasus - Curator of the Sands (Overnumbered)	192/166
Pokemon	Shiny Treasure ex	Charizard ex (JP)	349/190
Pokemon	Furious Fists	Lucario EX (107 Full Art)	107
Pokemon	Pitch Black	Mega Darkrai ex	116/084
One Piece	The World's Strongest Warriors	Kouzuki Oden (ST32-002) (SP)	ST32-002
One Piece	Kingdoms of Intrigue	Edward.Newgate (SP)	OP02-004
One Piece	One Piece Promos	Monkey.D.Luffy (Magazine Promo) (JP)	ST21-014
One Piece	Wings of the Captain	Roronoa Zoro (Alternate Art)	OP06-118
Pokemon	Unbroken Bonds	Gardevoir & Sylveon GX (204) (Full Art)	204
Riftbound	Vendetta	Gangplank, Naval (Overnumbered)	181/166
Pokemon	Perfect Order	Meowth ex	121/088
Pokemon	Ascended Heroes	Mega Feraligatr ex	274/217
Pokemon	Sun & Moon Promo	Charizard (Prerelease)	SM158
One Piece	500 Years in the Future	Jewelry Bonney (019) (Parallel)	OP07-019
Pokemon	Perfect Order	Meowth ex	121/088
Riftbound	Spiritforged	Aphelios - Exalted (Overnumbered)	224/221
Pokemon	Burger King Promos	Giratina (Platinum)	4
Pokemon	White Flare	Zoroark	143/086
Pokemon	Jungle	Jolteon	4
Pokemon	Lost Thunder	Mina (Full Art)	211
Pokemon	White Flare	Zoroark	143/086
One Piece	The World's Strongest Warriors	Edward.Newgate (040) (TR)	OP17-040
One Piece	The Azure Sea's Seven	Ground Death (Parallel) (JP)	OP14-096
One Piece	The Azure Sea's Seven	Sugar (SP Ver.) (JP)	OP10-065
Pokemon	Unbroken Bonds	Marshadow & Machamp GX (Secret)	221
Pokemon	Base Set (Unlimited)	Chansey	3
Pokemon	Temporal Forces	Iron Crown ex	206/162
One Piece	The Azure Sea's Seven	Trafalgar Law (Alternate Art)	OP14-001
One Piece	Extra Booster: One Piece Heroine's Edition	Nico Robin (055) (Alternate Art)	EB03-055
Pokemon	WoTC Promo	Eevee	11/53
Pokemon	Paldea Evolved	Marill	204/193
Pokemon	Sun & Moon Promo	Charizard GX	SM60
Pokemon	BREAKpoint	Skyla	122
Pokemon	Base Set (Unlimited)	Raichu	14
Pokemon	Pitch Black	Mega Zeraora ex	114/084
One Piece	The Azure Sea's Seven	King (Alternate Art)	EB04-031
Pokemon	Lost Thunder	Alolan Ninetales GX (Full Art)	205
One Piece	The Azure Sea's Seven	Donquixote Rosinante - OP12-108 (TR)	OP12-108
One Piece	The World's Strongest Warriors	Kaido (058) (Alternate Art)	OP17-058
Pokemon	Deck Exclusives	Raichu (Cracked Ice Holo)	010/123
One Piece	Adventure on Kami's Island	Enel (OP15-058) (Alternate Art)	OP15-058
Pokemon	Obsidian Flames	Ninetales	199/197
Pokemon	Jungle	Vaporeon	12
Pokemon	Base Set (Unlimited)	Ninetales	12
Riftbound	Spiritforged	Arise!	198/221
One Piece	Heroines Edition	Nefeltari Vivi (Parallel) (JP)	EB03-024
One Piece	Kingdoms of Intrigue	Nefeltari Vivi (Alternate Art) (JP)	OP04-118
One Piece	The Azure Sea's Seven	Perona (Parallel) (JP)	OP14-033
One Piece	The Time of Battle	Marshall.D.Teach (119)	OP16-119
One Piece	Adventure on Kami's Island	Mamaragan	OP15-078
One Piece	One Piece Promotion Cards	O-Nami (Illustration Box Vol.1)	OP05-062
Pokemon	Evolutions	Mew	53/108
Riftbound	Origins	Seal of Rage	040/298
Pokemon	Base Set (Unlimited)	Ninetales	12
One Piece	The World's Strongest Warriors	Rocks.D.Xebec	OP17-118
One Piece	The Time of Battle	Edward.Newgate (Alternate Art)	OP16-003
One Piece	Legacy of the Master	Koala (parallel) (JP)	OP12-081
Pokemon	Jungle	Jolteon	20
Pokemon	Evolving Skies	Darkness Energy (Secret)	236/203
Riftbound	Origins	Thousand-Tailed Watcher	116/298
Pokemon	Unbroken Bonds	Blastoise GX	35
Pokemon	Unbroken Bonds	Mew	76
Pokemon	Deck Exclusives	Pikachu (Cracked Ice Holo)	035/108
Riftbound	Unleashed	Pyke - Dockside Butcher (Alternate Art)	028a/219
One Piece	The Time of Battle	Moby Dick (Alternate Art)	OP16-021
Magic: The Gathering	Revised	Bayou	
Magic: The Gathering	Revised	Underground Sea	
Magic: The Gathering	Revised	Plateau	
Magic: The Gathering	Revised	Volcanic Island	
Magic: The Gathering	Revised	Tundra	
Magic: The Gathering	Revised	Scrubland	
Magic: The Gathering	Revised	Tropical Island	
Magic: The Gathering	Revised	Badlands	
Magic: The Gathering	Revised	Savannah	
Magic: The Gathering	Revised	Taiga	
Magic: The Gathering	Revised	Wheel of Fortune	
Magic: The Gathering	Revised	Mana Vault	
Magic: The Gathering	Revised	Demonic Tutor	
Magic: The Gathering	Dominaria	Mox Amber	
Magic: The Gathering	Brothers War	Mox Amber (retro frame)	
Magic: The Gathering	Lord of the Rings	Storm of Saruman (Borderless Poster) (Serial Numbered)	
Magic: The Gathering	Lord of the Rings	Tom Bombadil (Borderless Poster)	
Magic: The Gathering	Lord of the Rings	Mount Doom (Borderless Poster)	
Magic: The Gathering	Lord of the Rings	Gandalf the White (Borderless Poster)	
Magic: The Gathering	Lord of the Rings	Last March of the Ents (Borderless Poster)	
Magic: The Gathering	Lord of the Rings	Orcish Bowmasters (Showcase Scrolls)	
Magic: The Gathering	Double Masters (2XM)	Chrome Mox (Borderless)	358
Magic: The Gathering	Double Masters (2XM)	Chrome Mox	240
Magic: The Gathering	Secret Lair Countdown Kit (SLC)	Chrome Mox	
Magic: The Gathering	Double Masters (2XM)	Mox Opal (Borderless)	362
Magic: The Gathering	Double Masters (2XM)	Mox Opal	275
Magic: The Gathering	Urza's Saga	Serra's Sanctum	
Magic: The Gathering	Lord of the Rings	The One Ring	
Magic: The Gathering	Urza's Destiny	Replenish	
Magic: The Gathering	Stronghold	Volrath's Stronghold	
Magic: The Gathering	Urza's Saga	Gaea's Cradle	
